title,link
wangsheng-funeral-parlor-encryption,https://github.com/snymnd/wangsheng-funeral-parlor-encryption
wangsheng-funeral-parlor-ds,https://github.com/snymnd/wangsheng-funeral-parlor-ds
progjar-tugas,https://github.com/snymnd/progjar-tugas
snymnd,https://github.com/snymnd/snymnd
TemanTanam,https://github.com/snymnd/TemanTanam
backend-temantanam,https://github.com/snymnd/backend-temantanam
tugas-progjar,https://github.com/snymnd/tugas-progjar
progjar-ets,https://github.com/snymnd/progjar-ets
books-shelf-api,https://github.com/snymnd/books-shelf-api
pweb-portfolio,https://github.com/snymnd/pweb-portfolio
eas-pweb,https://github.com/snymnd/eas-pweb
pweb-unduh-laporan-pdf,https://github.com/snymnd/pweb-unduh-laporan-pdf
pweb-jquery-formvalidation,https://github.com/snymnd/pweb-jquery-formvalidation
pweb-JQuery-counter,https://github.com/snymnd/pweb-JQuery-counter
pweb-crud-upload-image,https://github.com/snymnd/pweb-crud-upload-image
Jarkom-modul-5-b09-2022,https://github.com/snymnd/Jarkom-modul-5-b09-2022
Jarkom-modul-4-b09-2022,https://github.com/snymnd/Jarkom-modul-4-b09-2022
sql-data-seeder,https://github.com/snymnd/sql-data-seeder
pweb-crud-pendaftaran-siswa,https://github.com/snymnd/pweb-crud-pendaftaran-siswa
Jarkom-modul-3-b09-2022,https://github.com/snymnd/Jarkom-modul-3-b09-2022
pweb-ets-guidy,https://github.com/snymnd/pweb-ets-guidy
WebArticle_Project,https://github.com/snymnd/WebArticle_Project
Jarkom-Modul-2-B09-2022,https://github.com/snymnd/Jarkom-Modul-2-B09-2022
tailwind-module-demo,https://github.com/snymnd/tailwind-module-demo
pweb-bootstrap,https://github.com/snymnd/pweb-bootstrap
Jarkom-Modul-1-B09-2022,https://github.com/snymnd/Jarkom-Modul-1-B09-2022
pweb-kuis1,https://github.com/snymnd/pweb-kuis1
pweb-js-form,https://github.com/snymnd/pweb-js-form
pweb-js-postalCode,https://github.com/snymnd/pweb-js-postalCode
pweb-restaurant-website,https://github.com/snymnd/pweb-restaurant-website
